quarter,CPI_YoY,Consumer_Confidence_Index,Ind_Value_Added_YoY,M2_YoY,PPI_YoY,Real_Estate_Climate_Index,CPI_MoM_Idx,CPI_MoM,CPI_Level,CPI_YoY,PPI_MoM_Idx,PPI_MoM,PPI_Level,PPI_YoY_Rate,CPI_QoQ_Ann,CPI_YoY_from_Level,GDP_level,GDP_yoy_pct
2000Q1,0.0,0.0,7.966666666666666,13.566666666666668,100.96666666666665,102.21,0.0,-100.0,,,100.96666666666665,0.9666666666666686,102.91900000000001,,,,21569.1,
2000Q2,0.0,0.0,11.700000000000001,13.366666666666665,102.66666666666667,102.24666666666667,0.0,-100.0,,,102.66666666666667,2.6666666666666665,111.37357457415003,,,,24277.1,
2000Q3,0.0,0.0,12.533333333333333,13.366666666666667,104.03333333333335,103.25999999999999,0.0,-100.0,,,104.03333333333335,4.033333333333336,125.39861883384124,,,,25973.8,
2000Q4,33.333333333333336,0.0,10.799999999999999,12.333333333333334,103.3,103.70333333333333,33.333333333333336,-66.66666666666667,100.0,,103.3,3.299999999999997,138.2248008756363,,,,29488.6,
2001Q1,100.13333333333333,0.0,10.366666666666667,12.9,100.83,105.46333333333332,100.13333333333333,0.13333333333333522,100.3948946,,100.83,0.8300000000000031,141.68996199710344,39.29327605610904,1.5889595612455842,,24390.6,13.081213402506364
2001Q2,99.5,0.0,10.6,13.066666666666668,99.7,106.46666666666665,99.5,-0.5,98.89159349564694,,99.7,-0.29999999999999716,140.41758443808993,30.21459620744872,-5.85635968319086,,27017.8,11.289239653830151
2001Q3,100.16666666666667,0.0,8.566666666666666,14.5,97.93333333333334,106.21666666666665,100.16666666666667,0.16666666666666666,99.38199245767015,,97.93333333333334,-2.0666666666666678,131.88152365460286,12.189522776520922,1.9983855800185912,,28662.0,10.349660042042363
2001Q4,100.06666666666666,0.0,8.466666666666667,14.966666666666667,96.39999999999999,105.33333333333333,100.06666666666666,0.06666666666666288,99.58025893633123,-0.41974106366876596,96.39999999999999,-3.599999999999999,118.14225422757283,-8.21176304909323,0.8003887782513264,-0.41974106366876596,32086.9,8.811201616896035
2002Q1,100.03333333333335,0.0,4.533333333333334,13.5,95.96666666666665,103.77,100.03333333333335,0.03333333333333144,99.66495901675493,-0.5873195883090246,95.96666666666665,-4.033333333333331,104.41583347607578,-22.82322265663952,0.3406627288132569,-0.7270644450131925,26666.0,9.329003796544576
2002Q2,99.5,0.0,12.466666666666667,14.266666666666666,97.27666666666666,104.54,99.5,-0.5,98.17625545105999,-0.9898948847503716,97.27666666666666,-2.723333333333334,96.11435093847328,-30.090958630005776,-5.842290671656148,-0.723355766957523,29550.7,9.374930601307296
2002Q3,100.2,0.0,13.1,15.466666666666667,98.18333333333334,104.57333333333334,100.2,0.1999999999999981,98.7593036151702,-0.7581394760337331,98.18333333333334,-1.8166666666666675,90.96847446586213,-31.79352937661802,2.396761443002582,-0.6265610369657004,31664.4,10.47519363617333
2002Q4,100.13333333333333,0.0,14.533333333333333,16.8,99.65666666666668,104.74333333333334,100.13333333333333,0.13333333333333522,99.15443899637867,-0.5931386667163826,99.65666666666668,-0.3433333333333337,90.02998574936257,-26.828837817380535,1.6100280165078473,-0.42761481492513687,35430.7,10.421075267476754
2003Q1,100.13333333333333,0.0,12.233333333333334,18.633333333333336,103.64333333333333,108.45666666666666,100.13333333333333,0.13333333333333522,99.54599452163568,-0.5227591750750124,103.64333333333333,3.643333333333331,100.22105914219888,-11.555683054773505,1.588959561245673,-0.11936441482833793,30282.0,13.56033900847522
2003Q2,99.33333333333333,0.0,15.166666666666666,20.066666666666666,102.30666666666667,106.73666666666668,99.33333333333333,-0.6666666666666666,97.56630799850075,-0.3535903647286842,102.30666666666667,2.306666666666667,107.30335542959824,7.223679840956568,-7.720692760497139,-0.6212779757762243,32978.2,11.59871001363757
2003Q3,100.46666666666665,0.0,16.633333333333336,21.0,101.38,106.93666666666667,100.46666666666665,0.46666666666666856,98.93112210324243,-0.09037922641157066,101.38,1.3800000000000001,111.80729981051014,19.46218369820591,5.7139389675370245,0.1739770146028441,35778.3,12.992193125402673
2003Q4,100.83333333333333,0.0,17.733333333333334,20.333333333333332,102.04666666666667,106.44,100.83333333333333,0.8333333333333334,101.42463552753851,1.7159563431225378,102.04666666666667,2.046666666666667,118.80476762804176,28.777089840095545,10.469422322137811,2.2895561249080876,40338.8,13.85267578681766
2004Q1,100.39999999999999,0.0,14.199999999999998,18.866666666666667,103.66666666666667,106.81666666666666,100.39999999999999,0.3999999999999962,102.64223158302066,2.868976252469535,103.66666666666667,3.6666666666666665,132.35734811687158,32.74879074819669,4.88913879416486,3.110358258274304,35107.8,15.93619972260749
2004Q2,99.89999999999999,0.0,17.599999999999998,17.599999999999998,105.70333333333333,105.62333333333333,99.89999999999999,-0.09999999999999905,102.33092128710746,4.3926697764039195,105.70333333333333,5.703333333333338,156.31308372987505,39.419080796383305,-1.2076778254717757,4.88346170553049,39251.8,19.02347611452415
2004Q3,100.53333333333335,0.0,15.833333333333334,14.266666666666666,107.04666666666667,105.08,100.53333333333335,0.5333333333333314,103.97239583651208,5.165042493009324,107.04666666666667,7.046666666666667,191.72991450575844,61.78527830827206,6.572381244967929,5.095740982305519,42448.0,18.641746533513313
2004Q4,99.93333333333334,0.0,14.966666666666667,14.033333333333333,107.87666666666667,105.09333333333332,99.93333333333334,-0.06666666666666761,103.76413912765152,3.0942076779832965,107.87666666666667,7.876666666666665,240.6873925313573,93.71355023669317,-0.7987960074120726,2.306642353649657,47420.3,17.555058653207322
2005Q1,100.5,55.699999999999996,7.566666666666666,14.0,105.60666666666667,102.75333333333333,100.5,0.4999999999999953,105.30929382879731,2.7466165287767317,105.60666666666667,5.606666666666669,283.4819614384079,110.72850646630911,6.090782536711892,2.5984063329911544,41079.2,17.0087558890047
2005Q2,99.56666666666666,53.76666666666667,16.46666666666667,14.833333333333334,105.66333333333334,102.17,99.56666666666666,-0.4333333333333324,103.94511218169293,1.6796480118020929,105.66333333333334,5.663333333333331,334.4204026613558,115.33108914328669,-5.081801482153681,1.577422419618979,45399.8,15.662975965433423
2005Q3,100.3,52.93333333333334,16.2,17.166666666666668,104.98333333333333,101.71666666666665,100.3,0.3000000000000019,104.88207342289873,1.310507879711446,104.98333333333333,4.983333333333334,386.9428950803167,107.28186757235743,3.6546449407098613,0.8749222128314083,48681.7,14.68549754994346
2005Q4,100.16666666666667,54.166666666666664,16.400000000000002,17.96666666666667,103.48,100.77333333333333,100.16666666666667,0.1666666666666714,105.4056396990863,1.3795991463397606,103.48,3.479999999999999,428.75342848267667,85.50276978002266,2.011782371909132,1.5819536356538322,54746.8,15.450134225215773
2006Q1,100.3,53.166666666666664,12.633333333333335,18.933333333333334,102.85000000000001,101.08999999999999,100.3,0.29999999999999716,106.34400444702803,1.4179584027184555,102.85000000000001,2.849999999999999,466.4622279667556,69.21419231105779,3.6088006410158524,0.9825444465640931,47831.7,16.437759255292228
2006Q2,99.86666666666667,55.666666666666664,18.0,18.8,102.60666666666667,102.13666666666667,99.86666666666667,-0.1333333333333305,105.91788508464883,1.6591813207232908,102.60666666666667,2.606666666666669,503.8650376945722,54.101612300509835,-1.5931881273472115,1.8978986712790746,53415.3,17.65536412054678
2006Q3,100.16666666666667,54.166666666666664,16.166666666666668,17.7,103.47666666666667,103.32000000000001,100.16666666666667,0.16666666666666666,106.44651648280146,1.5924734676217172,103.47666666666667,3.476666666666669,558.2659820533443,46.12619543167642,2.0113775702766734,1.4916210262116758,56820.5,16.71839726221558
2006Q4,100.60000000000001,54.93333333333334,14.766666666666666,16.933333333333334,102.93666666666667,103.42666666666666,100.60000000000001,0.5999999999999991,108.36883859471804,1.9323030587565053,102.93666666666667,2.9366666666666674,608.9065725607278,42.37245967352221,7.421660665695495,2.8112337291354983,64510.8,17.83483235549841
2007Q1,100.46666666666665,54.76666666666667,10.066666666666668,16.96666666666667,102.85000000000001,101.80666666666667,100.46666666666665,0.46666666666666856,109.8880385855213,2.7485491563089988,102.85000000000001,2.849999999999999,662.4563964888661,42.0584599380133,5.726537771446116,3.332613020284203,58080.6,21.427003430779166
2007Q2,100.2,56.26666666666667,18.3,16.96666666666667,102.70666666666666,103.2,100.2,0.20000000000000284,110.5479149385709,3.6101041177472113,102.70666666666666,2.7066666666666683,717.7143447426182,43.24211052941822,2.4237178742203547,4.371339033272603,65751.0,23.093944993288428
2007Q3,100.8,54.46666666666667,18.133333333333333,18.366666666666667,102.55333333333333,104.49000000000001,100.8,0.8000000000000019,113.22000440807555,6.188736787420328,102.55333333333333,2.5533333333333323,774.1050681262861,39.709720335934286,10.024764343988778,6.363278150458296,70494.1,24.06455416619002
2007Q4,100.66666666666667,54.63333333333333,17.53333333333333,17.900000000000002,104.39666666666666,106.25999999999999,100.66666666666667,0.6666666666666666,115.49812789297135,6.7184462605316115,104.39666666666666,4.396666666666666,880.6633694330962,41.65592608362048,8.29467678064779,6.578726311643601,79854.0,23.783924552168003
2008Q1,101.03333333333335,54.93333333333334,11.066666666666668,17.5,106.88,105.46,101.03333333333335,1.0333333333333314,119.08363052362523,8.093578896400862,106.88,6.88,1075.137045148802,55.04380560205677,13.00781738250516,8.368146393792797,70609.6,21.571746848345242
2008Q2,99.83333333333333,54.833333333333336,15.9,17.466666666666665,108.39333333333333,103.49666666666667,99.83333333333333,-0.1666666666666714,118.48845149093718,7.86508944597734,108.39333333333333,8.393333333333336,1369.1969593022463,80.33063784746925,-1.9842587229653597,7.182891289065618,79965.0,21.617922160879676
2008Q3,100.0,49.333333333333336,12.966666666666667,15.9,109.74000000000001,101.76333333333334,100.0,0.0,118.48833300248569,5.317797493940117,109.74000000000001,9.74,1809.4671479928206,119.58482924492479,-0.00039999940001367307,4.653178227605137,83668.3,18.688372502095916
2008Q4,99.56666666666666,41.53333333333333,6.433333333333334,15.866666666666667,102.48,98.2,99.56666666666666,-0.4333333333333324,116.95342944933151,2.588245398248786,102.48,2.479999999999999,1944.667529441478,132.57220279422816,-5.081801482153558,1.2600217708366168,90075.0,12.799609286948677
2009Q1,100.2,48.9,6.433333333333334,21.599999999999998,95.39666666666666,94.8,100.2,0.20000000000000284,117.65199228343239,-0.6136537880023885,95.39666666666666,-4.603333333333329,1687.9557274263534,79.49538712902833,2.4106914035239235,-1.2022124568236259,75341.3,6.701213432734354
2009Q2,99.66666666666667,53.26666666666667,8.966666666666667,26.733333333333334,92.79333333333334,95.75,99.66666666666667,-0.3333333333333333,116.4791160427991,-1.5311763865158978,92.79333333333334,-7.2066666666666634,1348.6293526503719,16.807328425032445,-3.928378371943775,-1.6958069945675391,85355.6,6.741199274682685
2009Q3,100.3,53.86666666666667,12.333333333333334,28.733333333333334,92.31,99.72333333333334,100.3,0.3000000000000019,117.52975766950513,-1.2690680659920333,92.31,-7.689999999999998,1060.7633676781359,-30.144411928994213,3.657110450274592,-0.8090039826625373,91330.0,9.157231591893211
2009Q4,100.39999999999999,55.666666666666664,17.933333333333334,28.933333333333334,97.92333333333333,102.82333333333334,100.39999999999999,0.40000000000000097,118.94210924152684,0.5274865380149615,97.92333333333333,-2.076666666666663,994.5604741683304,-49.12037317646616,4.894128762707939,1.700403144703766,102494.7,13.788176519567031
2010Q1,100.36666666666667,54.300000000000004,10.3,24.666666666666668,105.20666666666666,105.68,100.36666666666667,0.36666666666666475,120.24398962246154,2.071976113092363,105.20666666666666,5.2066666666666634,1158.0708937066001,-38.430458848660834,4.450606690076198,2.203105352253476,89125.0,18.295012164642756
2010Q2,99.83333333333333,53.9,16.0,20.333333333333332,106.78333333333335,105.26333333333332,99.83333333333333,-0.16666666666666194,119.64180916536016,2.71552062031369,106.78333333333335,6.783333333333331,1410.0697947106173,-8.804051807422697,-1.9881974108377332,2.7152447837936577,101075.0,18.416366354404378
2010Q3,100.53333333333335,52.23333333333333,13.533333333333333,18.599999999999998,104.49666666666667,104.11666666666667,100.53333333333335,0.5333333333333314,121.56614525239632,3.263059422640565,104.49666666666667,4.496666666666665,1608.9568891903198,35.44485145055837,6.590548490695669,3.4343537015038894,107792.9,18.025730866090008
2010Q4,100.76666666666667,54.6,13.299999999999999,19.5,105.67666666666668,102.85333333333334,100.76666666666667,0.7666666666666657,124.38251494242452,4.643638247811399,105.67666666666668,5.676666666666672,1898.758433371402,81.14280156915754,9.59399327547179,4.573994639568957,121260.4,18.308946706512618
2011Q1,100.66666666666667,52.833333333333336,9.9,16.51,107.06126666666667,102.94,100.66666666666667,0.6666666666666666,126.87958846060504,5.166012319676587,107.06126666666667,7.061266666666668,2330.031687492355,98.31464368993636,8.275378430283297,5.518445336833677,106218.9,19.179691444600277
2011Q2,100.16666666666667,51.93333333333334,13.933333333333332,15.433333333333332,106.90899999999999,102.71333333333332,100.16666666666667,0.16666666666666194,127.514874940666,5.872614284580931,106.90899999999999,6.909000000000002,2847.104043358905,101.23490018219167,2.0178935206603077,6.580530527103834,120776.8,19.492258224091017
2011Q3,100.43333333333334,50.93333333333334,13.766666666666666,13.766666666666666,107.10566666666666,101.00999999999999,100.43333333333334,0.4333333333333324,129.17959119663197,6.439340955578669,107.10566666666666,7.105666666666669,3498.0839712714337,112.48883759709115,5.3251839113571675,6.2628011511170145,128561.5,19.26713169420251
2011Q4,100.06666666666666,49.9,12.799999999999999,13.066666666666668,103.1357,99.67666666666666,100.06666666666666,0.06666666666666288,129.4373037059917,4.654991365967565,103.1357,3.1357,3836.542202745577,109.96104477639163,0.8003887782513264,4.06390622179249,140150.3,15.577962797417788
2012Q1,100.53333333333335,51.53333333333333,11.066666666666668,12.933333333333332,100.14866666666667,97.405,100.53333333333335,0.5333333333333362,131.5099793671166,3.821392758489347,100.14866666666667,0.14866666666667072,3853.5683244466127,78.09504131688266,6.560686087423062,3.649437204747308,119377.5,12.388190802201882
2012Q2,99.66666666666667,51.300000000000004,9.466666666666667,13.213333333333333,98.60640000000001,95.07666666666667,99.66666666666667,-0.3333333333333286,130.19842797570874,2.8586122575981143,98.60640000000001,-1.3936000000000017,3694.5106795976785,41.82395067469379,-3.9299263288206654,2.1045019542162535,133491.2,10.527187340615086
2012Q3,100.33333333333333,49.699999999999996,9.1,14.066666666666668,96.70066666666666,94.53333333333335,100.33333333333333,0.3333333333333286,131.50392995659288,1.8332405292282343,96.70066666666666,-3.299333333333332,3340.7094459744017,6.062449516809628,4.071536115762098,1.7993080318878585,140384.0,9.195987912399906
2012Q4,100.26666666666667,50.46666666666667,10.0,13.933333333333332,97.70166666666667,95.28666666666668,100.26666666666667,0.2666666666666657,132.55582884028422,1.9688393710163659,97.70166666666667,-2.298333333333332,3115.564205290982,-15.379646344106364,3.238192255798533,2.409293955455105,154258.0,10.066121870591793
2013Q1,100.39999999999999,50.46666666666667,2.966666666666667,15.6,98.2728,97.74000000000001,100.39999999999999,0.3999999999999962,134.1358956456187,2.343484728606837,98.2728,-1.727200000000001,2956.8919373658105,-21.996252403916486,4.853935471561521,1.9967429780911816,131879.7,10.472827794182326
2013Q2,99.86666666666667,50.5,9.133333333333333,15.300000000000002,97.2734,97.3,99.86666666666667,-0.1333333333333305,133.59774243228847,2.3030395035509077,97.2734,-2.7266,2721.554291672338,-25.652847100021116,-1.5951681187833078,2.6108721199106455,146113.9,9.455829298111018
2013Q3,100.46666666666665,50.800000000000004,10.1,14.466666666666667,98.25330000000001,97.31,100.46666666666665,0.46666666666666384,135.47519685059908,2.7132099780822796,98.25330000000001,-1.7466999999999995,2581.3581044614734,-24.358889077842758,5.740822782423316,3.019884573272469,154972.1,10.391568839753829
2013Q4,100.10000000000001,51.26666666666667,10.0,14.033333333333333,98.57100000000001,96.82333333333332,100.10000000000001,0.09999999999999905,135.8814865595284,2.918296134256804,98.57100000000001,-1.4289999999999974,2472.2676590740043,-21.16782868548944,1.2050059870639895,2.5088732410637693,170694.7,10.65533067977027
2014Q1,100.33333333333333,50.333333333333336,2.9333333333333336,12.866666666666667,98.02663333333334,96.655,100.33333333333333,0.3333333333333333,137.23687041758802,2.240400324693237,98.02663333333334,-1.9733666666666636,2328.7459757570637,-20.93202241324899,4.049995350119828,2.3118157574777642,143539.4,8.841163575591992
2014Q2,99.63333333333333,50.73333333333333,8.9,13.766666666666666,98.48006666666667,95.21666666666665,99.63333333333333,-0.3666666666666695,135.72932710144633,1.9716634613604993,98.48006666666667,-1.5199333333333318,2224.118708671455,-19.538147575347164,-4.322116185856462,1.5955244679663805,159462.4,9.13568113642851
2014Q3,100.26666666666667,51.300000000000004,7.966666666666666,13.066666666666668,98.70926666666666,94.77666666666666,100.26666666666667,0.2666666666666657,136.81747047411187,1.2928559723054844,98.70926666666666,-1.2907333333333308,2139.054373078343,-16.996484383976103,3.2455739918464177,0.9907892032761101,168601.7,8.794873399792614
2014Q4,100.03333333333335,50.4,7.6000000000000005,12.366666666666667,97.24973333333332,94.33,100.03333333333335,0.03333333333333144,136.95346703976313,0.822572043842699,97.24973333333332,-2.7502666666666706,1967.314338009441,-18.996722512626167,0.39819321454070966,0.7889084137779889,184179.4,7.899893786977552
2015Q1,100.33333333333333,49.93333333333334,1.8666666666666665,11.633333333333333,95.44063333333334,93.44,100.33333333333333,0.3333333333333333,138.31763587332213,0.5551360018683985,95.44063333333334,-4.559366666666667,1710.2948120920946,-24.667048938902685,4.0442550622600715,0.787518290416811,154171.4,7.407025527485844
2015Q2,99.86666666666667,50.166666666666664,6.266666666666667,10.9,95.33566666666667,92.54,99.86666666666667,-0.13333333333333522,137.76491860037234,0.9915326684807472,95.33566666666667,-4.664333333333336,1481.9596870971873,-30.87546184853615,-1.5888446881790252,1.499743307063306,171887.0,7.791554623535091
2015Q3,100.3,49.833333333333336,5.933333333333334,13.233333333333334,94.25436666666667,93.29666666666667,100.3,0.29999999999999716,139.00797352737723,1.770206357597622,94.25436666666667,-5.745633333333335,1240.8967126360853,-39.27130068831107,3.6583493854345006,1.6010404560723446,180118.7,6.830891977957521
2015Q4,100.06666666666666,49.699999999999996,5.8999999999999995,13.5,94.09976666666667,93.34333333333332,100.06666666666666,0.06666666666666761,139.28390435482908,1.4990334150190465,94.09976666666667,-5.900233333333337,1033.9540912928649,-45.870854271139116,0.796367265091158,1.7016271040362518,196334.4,6.599543705756461
2016Q1,100.55495670666666,49.53333333333333,2.2666666666666666,13.566666666666668,95.16566666666665,93.92500000000001,100.55495670666666,0.5549567066666677,141.60178490063845,2.2050768679808375,95.16566666666665,-4.834333333333338,891.1092535698181,-47.96518608464501,6.824576992062847,2.374353065377788,165735.3,7.500677817027013
2016Q2,99.74449878,50.06666666666666,6.066666666666666,12.133333333333335,97.0729,96.60666666666667,99.74449878,-0.2555012199999993,140.51873915597895,2.175786354590925,97.0729,-2.927099999999996,815.1121469668071,-46.164096214928804,-3.0244913024668363,1.998927291203123,185002.2,7.630129096441274
2016Q3,100.3090669,50.23333333333333,6.133333333333333,11.033333333333333,99.2,100.43333333333334,100.3090669,0.3090669000000001,141.82420106202193,1.7877464631434952,99.2,-0.8000000000000019,795.6400437431689,-39.50026620605376,3.7682292288176322,2.0259467591548175,194837.5,8.171722314229445
2016Q4,100.08277056333333,51.43333333333334,6.1000000000000005,11.433333333333332,103.33333333333333,100.86666666666667,100.08277056333333,0.0827705633333314,142.17619793327285,2.214752606657385,103.33333333333333,3.3333333333333335,877.5056597232251,-23.487298955765663,0.9964716385287176,2.076545449986522,215617.9,9.821763277347229
2017Q1,100.17124214,51.56666666666666,2.533333333333333,11.0,107.43333333333334,100.88,100.17124214,0.17124213999999918,142.90047798630016,1.4227371750972144,107.43333333333334,7.433333333333333,1088.0745784275703,8.82038467657362,2.053320798016234,0.917144573123152,185274.4,11.789341196474146
2017Q2,99.93472719333333,51.366666666666674,6.866666666666667,9.833333333333334,105.8,101.26,99.93472719333333,-0.06527280666666495,142.62064285312513,1.392893500485859,105.8,5.800000000000002,1288.5616769442247,46.16511752334184,-0.7810029137918395,1.4958173619911364,205665.6,11.169272581623346
2017Q3,100.3537329,51.833333333333336,6.333333333333333,9.1,106.23333333333333,101.42666666666666,100.3537329,0.35373290000000185,144.13878104061726,1.6019860127698478,106.23333333333333,6.233333333333334,1544.7871216856183,81.8751548689696,4.326303870367276,1.6320063580567146,216755.3,11.249271829088347
2017Q4,100.1536751,51.666666666666664,6.166666666666667,8.700000000000001,105.86666666666667,101.61333333333333,100.1536751,0.15367510000000095,144.80392366904513,1.8170528877950343,105.86666666666667,5.86666666666667,1832.768033086511,108.00302336813438,1.8586555353582668,1.8482177565372515,239687.6,11.163126994558436
2018Q1,100.24290101999999,51.03333333333333,2.0,8.533333333333333,103.71153333333332,101.60333333333334,100.24290101999999,0.24290102000000027,145.83944721036582,2.142836280739983,103.71153333333332,3.7115333333333305,2044.4348638356857,95.94644516708324,2.8913152029964806,2.0566545791032453,205735.3,11.043565651811571
2018Q2,99.84968814,51.6,6.6000000000000005,8.200000000000001,104.06666666666666,101.54333333333334,99.84968814,-0.15031186000000218,145.18268545054437,1.758183580499521,104.06666666666666,4.066666666666667,2304.0464396022558,80.52614527871981,-1.7891967184555435,1.796403764676402,228042.4,10.880186088485377
2018Q3,100.55652963333334,51.1,5.966666666666666,8.333333333333334,104.09999999999998,101.95,100.55652963333334,0.5565296333333359,147.61947338083982,2.2208527857922413,104.09999999999998,4.099999999999994,2599.1622922443207,73.04972765988356,6.884641649708367,2.4148201581097872,238796.8,10.168840162155202
2018Q4,99.95414706666668,49.86666666666667,5.666666666666667,8.033333333333333,102.3,101.90333333333332,99.95414706666668,-0.045852933333331215,147.41541628139194,2.13554657938931,102.3,2.300000000000002,2782.2447343318026,57.405623029219775,-0.5517818937254892,1.803468128609187,263435.6,9.907896778973946
2019Q1,100.37556236666667,49.73333333333333,2.8333333333333335,8.333333333333334,100.2,100.675,100.37556236666667,0.37556236666666604,149.07553485665724,1.777310517978507,100.2,0.1999999999999981,2798.9632540693806,41.046324095310446,4.58126533796106,2.218938502710821,221453.9,7.640205642881903
2019Q2,100.00006424333333,49.63333333333333,5.566666666666666,8.5,100.5,100.88666666666666,100.00006424333333,6.424333333162242e-05,149.0756797522059,2.6414000243711953,100.5,0.5,2841.098846896141,28.670018681761377,0.00038878481314341684,2.6814453042939945,246193.9,7.959703984872979
2019Q3,100.66795156666666,49.666666666666664,5.0,8.233333333333333,99.23333333333333,100.97333333333334,100.66795156666666,0.6679515666666637,152.08207169782733,2.8830508457783197,99.23333333333333,-0.7666666666666657,2776.1959666011776,12.114745918188175,8.31407285527872,3.0230417537627785,256023.2,7.213832011149246
2019Q4,100.41560441,49.9,5.933333333333334,8.433333333333332,98.83333333333333,101.14333333333333,100.41560441,0.41560441000000026,153.98302943940456,4.232899933274803,98.83333333333333,-1.1666666666666667,2680.0642957221626,-1.4150629752328021,5.0943476274536215,4.455173904930088,282201.4,7.12348672692682
2020Q1,100.32094433666667,45.9,-0.3666666666666667,9.1,99.39999999999999,97.785,100.32094433666667,0.3209443366666657,155.4411550921991,4.943136092457741,99.39999999999999,-0.6000000000000038,2631.9331818391456,-4.597968323975336,3.84189884254027,4.270063657100187,209671.1,-5.320655901747495
2020Q2,99.42623170666667,50.76666666666667,4.366666666666667,11.1,96.73333333333333,99.35333333333334,99.42623170666667,-0.5737682933333351,152.7778579141522,2.7377127180136926,96.73333333333333,-3.2666666666666657,2382.301136248644,-13.133058711980107,-6.679381903202497,2.4834219559488613,253450.0,2.9473110422313598
2020Q3,100.41645783333333,51.199999999999996,5.766666666666667,10.666666666666666,97.83333333333333,100.28333333333335,100.41645783333333,0.41645783333333003,154.69401800837525,2.262969271136502,97.83333333333333,-2.1666666666666665,2230.7722995923223,-18.822987835096427,5.112027587244361,1.717458396896121,269910.2,5.424117814323082
2020Q4,99.93333333333334,51.800000000000004,7.066666666666666,10.433333333333332,98.66666666666667,100.60333333333334,99.93333333333334,-0.06666666666666288,154.37768823299444,0.10855147006013643,98.66666666666667,-1.3333333333333333,2142.5625213210446,-20.082038749466477,-0.8154441127099954,0.2563001877717852,301836.2,6.957725936157644
2021Q1,100.36666666666667,51.26666666666667,4.7,9.633333333333333,102.13333333333333,101.35,100.36666666666667,0.36666666666666475,156.07270893648624,-0.01844599933886748,102.13333333333333,2.133333333333335,2281.6860563032396,-17.13676937067287,4.464743198452337,0.4062977040491855,255055.2,21.64537697374602
2021Q2,99.7,51.0,8.966666666666667,8.333333333333334,108.2,101.16333333333334,99.7,-0.3000000000000019,154.67210870074518,1.26568747143323,108.2,8.199999999999998,2889.8981325877357,8.335689519654588,-3.54157816980345,1.2398725917844633,287979.2,13.623673308344841
2021Q3,100.13333333333333,50.03333333333333,4.933333333333334,8.266666666666667,109.73333333333333,100.98,100.13333333333333,0.1333333333333305,155.29126115187424,0.6425506869710551,109.73333333333333,9.733333333333334,3818.3063731781517,52.67168097339658,1.6108400887199892,0.386080309496295,297961.9,10.392975145066764
2021Q4,100.26666666666667,49.86666666666667,3.8666666666666667,8.733333333333333,112.23333333333333,100.435,100.26666666666667,0.26666666666667044,156.53280174031755,1.7339913551601398,112.23333333333333,12.233333333333334,5396.797072488248,125.9250567518173,3.2365224274649496,1.3960006345415055,332826.7,10.26732380012736
2022Q1,100.33333333333333,49.93333333333334,1.6666666666666667,9.566666666666666,108.73333333333333,96.77333333333333,100.33333333333333,0.3333333333333333,158.1018865449625,0.9624817370244676,108.73333333333333,8.733333333333329,6937.7427272720015,190.38645625537234,4.070292242152163,1.300148900024567,277175.8,8.672867677271423
2022Q2,100.06666666666666,49.06666666666666,0.5666666666666668,11.0,106.83333333333333,95.63,100.06666666666666,0.06666666666666761,158.41682550296005,2.1479450704553336,106.83333333333333,6.833333333333333,8458.609157051333,200.10615916596257,0.7991840017279372,2.4210679182373074,299111.5,3.865661131081688
2022Q3,100.23333333333333,49.5,4.766666666666667,12.1,102.46666666666665,95.06333333333333,100.23333333333333,0.23333333333333428,159.5268498230069,2.5910205847596623,102.46666666666665,2.4666666666666686,9097.73907662373,159.82697274024335,2.832390555461828,2.7275125719986804,315399.6,5.852325414759396
2022Q4,99.96666666666665,48.06666666666666,2.8333333333333335,12.0,98.89999999999999,94.49000000000001,99.96666666666665,-0.03333333333333618,159.36700391948423,1.8104082817827827,98.89999999999999,-1.099999999999999,8800.696230885713,83.80228312334798,-0.4001979999040284,1.8106123110659622,342342.4,2.859055478421646
2023Q1,100.0,51.53333333333333,1.3,12.733333333333334,98.43333333333334,94.61,100.0,0.0,159.35921406033265,1.3700187073623304,98.43333333333334,-1.5666666666666675,8392.864926989483,34.54105825554274,-0.019550566494086485,0.7952640811863976,292368.8,5.48135876220075
2023Q2,99.96666666666665,49.0,4.5,11.766666666666666,95.46666666666665,94.46666666666665,99.96666666666665,-0.03333333333333144,159.19921804685296,0.3601578316566674,95.46666666666665,-4.533333333333331,7301.746963581488,-2.959715367386717,-0.4009939999318868,0.4938822258361064,316237.5,5.7256240565809025
2023Q3,100.23333333333333,49.73333333333333,4.233333333333333,10.533333333333333,96.7,93.59333333333332,100.23333333333333,0.23333333333333428,160.31616167106029,0.4612515796619328,96.7,-3.300000000000002,6601.779594411675,-24.380240642192003,2.836077840595763,0.49478307189612103,328440.7,4.134786474047547
2023Q4,99.83333333333333,49.300000000000004,6.0,10.0,97.23333333333333,93.39333333333333,99.83333333333333,-0.16666666666666666,159.5144213481241,0.126335162450845,97.23333333333333,-2.7666666666666657,6068.82413342764,-29.685454548476883,-1.9854419967122339,0.09250185108227171,357224.8,4.3472266362565515
2024Q1,100.10000000000001,49.699999999999996,1.5,8.566666666666666,97.33333333333333,92.2,100.10000000000001,0.09999999999999905,159.97696531570722,0.36037232197370467,97.33333333333333,-2.6666666666666665,5596.136166205641,-32.88762941988312,1.1649347156964973,0.3876470268864951,304761.8,4.238824388922491
2024Q2,99.93333333333334,49.800000000000004,5.866666666666667,6.8,98.43333333333334,92.04666666666667,99.93333333333334,-0.06666666666666761,159.6568517280644,0.5218321841767773,98.43333333333334,-1.5666666666666675,5336.806739354738,-29.92406050158434,-0.7980000073920746,0.28745975440453986,328837.6,3.9843788292027282
2024Q3,100.3,49.43333333333334,5.0,6.480087996666666,98.2,92.32666666666667,100.3,0.3000000000000019,161.09695653065154,0.5541592073641688,98.2,-1.7999999999999972,5053.251352901525,-23.611476581469756,3.657110450274681,0.48703440217918725,341758.0,4.05470454788337
2024Q4,99.7,50.166666666666664,5.633333333333333,7.285175895666666,97.44336666666668,92.63,99.7,-0.29999999999999716,159.6499836670932,0.1853042912094871,97.44336666666668,-2.5566333333333326,4675.45537504611,-23.3008838322132,-3.5446834086300005,0.08498436556607647,373726.2,4.619332140433707
2025Q1,100.03333333333335,49.93333333333334,2.566666666666667,6.998137585333333,97.66666666666667,93.88,100.03333333333335,0.03333333333333144,159.80421449171473,-0.11120062486190314,97.66666666666667,-2.3333333333333335,4355.740021999088,-22.457120206675295,0.38698271923844896,-0.1079848112205184,318758.0,4.5925047036734945
2025Q2,99.93333333333334,49.38772792666666,6.233333333333333,8.058459171,96.8,93.54666666666667,99.93333333333334,-0.06666666666666761,159.48444657812524,-0.14131548028584925,96.8,-3.199999999999998,3950.738627977349,-24.039471941948488,-0.7980000073919857,-0.10798481122050729,341777.8,3.935133938454727
2025Q3,100.16666666666667,49.5,5.8,8.660212234333335,97.06666666666666,93.05666666666667,100.16666666666667,0.16666666666666666,160.28250674880215,-0.4393016111833033,97.06666666666666,-2.9333333333333322,3613.009688955842,-28.47661654865426,2.016674192396173,-0.5055649711758647,354500.2,3.72842771785884
2025Q4,100.05000000000001,49.1,2.45,4.1041773895,97.85,92.43,100.05000000000001,0.05000000000000426,160.44246869053745,0.24489657628388728,97.85,-2.1499999999999986,3459.3194828070386,-27.823683673812972,0.39979800010401245,0.49638904135234085,,
